секунда,широта,долгота,высота,заряд,режим,шаг
0,-35.3632622,149.1652374,584.09,0.0,STABILIZE,INIT
1,-35.3632622,149.1652374,584.09,100.0,STABILIZE,SET_GUIDED_MODE
1,-35.3632622,149.1652374,584.09,100.0,GUIDED,SEND_ARMING
2,-35.3632622,149.1652374,584.09,100.0,GUIDED,SEND_TAKEOFF
2,-35.3632622,149.1652374,584.09,100.0,GUIDED,WAIT_TAKEOFF_COMPLETE
3,-35.3632622,149.1652374,584.09,100.0,GUIDED,WAIT_TAKEOFF_COMPLETE
3,-35.3632622,149.1652374,584.09,100.0,GUIDED,WAIT_TAKEOFF_COMPLETE
4,-35.3632622,149.1652374,584.09,100.0,GUIDED,WAIT_TAKEOFF_COMPLETE
4,-35.3632622,149.1652374,584.09,100.0,GUIDED,WAIT_TAKEOFF_COMPLETE
5,-35.3632622,149.1652374,584.09,99.0,GUIDED,WAIT_TAKEOFF_COMPLETE
5,-35.3632622,149.1652374,584.19,99.0,GUIDED,WAIT_TAKEOFF_COMPLETE
6,-35.3632622,149.1652374,584.71,99.0,GUIDED,WAIT_TAKEOFF_COMPLETE
6,-35.3632622,149.1652374,585.37,99.0,GUIDED,WAIT_TAKEOFF_COMPLETE
7,-35.3632622,149.1652374,586.25,99.0,GUIDED,WAIT_TAKEOFF_COMPLETE
7,-35.3632622,149.1652374,587.30,99.0,GUIDED,WAIT_TAKEOFF_COMPLETE
8,-35.3632622,149.1652374,588.24,98.0,GUIDED,WAIT_TAKEOFF_COMPLETE
8,-35.3632622,149.1652374,588.81,98.0,GUIDED,WAIT_TAKEOFF_COMPLETE
9,-35.3632622,149.1652374,589.10,98.0,GUIDED,FLY_TO_POINT
9,-35.3632622,149.1652374,589.18,98.0,GUIDED,FLY_TO_POINT
10,-35.3632584,149.1652374,589.44,98.0,GUIDED,FLY_TO_POINT
10,-35.3632469,149.1652374,589.91,98.0,GUIDED,FLY_TO_POINT
11,-35.3632317,149.1652374,590.41,98.0,GUIDED,FLY_TO_POINT
11,-35.3632126,149.1652374,590.88,98.0,GUIDED,FLY_TO_POINT
12,-35.3631859,149.1652374,591.33,97.0,GUIDED,FLY_TO_POINT
12,-35.3631554,149.1652374,591.74,97.0,GUIDED,FLY_TO_POINT
13,-35.3631210,149.1652374,592.15,97.0,GUIDED,FLY_TO_POINT
13,-35.3630829,149.1652374,592.56,97.0,GUIDED,FLY_TO_POINT
14,-35.3630371,149.1652374,592.99,97.0,GUIDED,FLY_TO_POINT
14,-35.3630295,149.1652374,593.08,97.0,GUIDED,FLY_TO_POINT
15,-35.3630295,149.1652374,593.08,97.0,GUIDED,FLY_TO_POINT
15,-35.3630295,149.1652374,593.08,97.0,GUIDED,FLY_TO_POINT
16,-35.3630295,149.1652374,593.08,97.0,GUIDED,FLY_TO_POINT
16,-35.3630295,149.1652374,593.08,97.0,GUIDED,FLY_TO_POINT
17,-35.3630295,149.1652374,593.08,97.0,GUIDED,FLY_TO_POINT
17,-35.3630295,149.1652374,593.08,97.0,GUIDED,FLY_TO_POINT
18,-35.3630295,149.1652374,593.08,97.0,GUIDED,FLY_TO_POINT
18,-35.3630295,149.1652374,593.08,97.0,GUIDED,FLY_TO_POINT
19,-35.3630295,149.1652374,593.08,97.0,GUIDED,FLY_TO_POINT
26,-35.3623581,149.1652374,599.07,93.0,GUIDED,FLY_TO_POINT
26,-35.3623581,149.1652374,599.13,93.0,GUIDED,FLY_TO_POINT
27,-35.3623581,149.1652527,599.41,93.0,GUIDED,FLY_TO_POINT
27,-35.3623619,149.1652679,599.96,93.0,GUIDED,FLY_TO_POINT
28,-35.3623619,149.1652679,600.56,92.0,GUIDED,FLY_TO_POINT
28,-35.3623619,149.1652985,601.14,92.0,GUIDED,FLY_TO_POINT
29,-35.3623619,149.1653442,601.65,92.0,GUIDED,FLY_TO_POINT
29,-35.3623619,149.1653748,602.18,92.0,GUIDED,FLY_TO_POINT
30,-35.3623619,149.1654205,602.66,92.0,GUIDED,FLY_TO_POINT
30,-35.3623619,149.1654663,603.15,92.0,GUIDED,FLY_TO_POINT
31,-35.3623619,149.1655121,603.63,91.0,GUIDED,FLY_TO_POINT
31,-35.3623619,149.1655731,604.14,91.0,GUIDED,FLY_TO_POINT
32,-35.3623619,149.1656342,604.62,91.0,GUIDED,FLY_TO_POINT
32,-35.3623619,149.1656799,605.11,91.0,GUIDED,FLY_TO_POINT
33,-35.3623619,149.1656952,605.21,91.0,GUIDED,FLY_TO_POINT
33,-35.3623619,149.1656952,605.21,91.0,GUIDED,FLY_TO_POINT
34,-35.3623619,149.1656952,605.21,91.0,GUIDED,FLY_TO_POINT
34,-35.3623619,149.1656952,605.21,91.0,GUIDED,FLY_TO_POINT
35,-35.3623619,149.1656952,605.21,91.0,GUIDED,FLY_TO_POINT
35,-35.3623619,149.1656952,605.21,91.0,GUIDED,FLY_TO_POINT
36,-35.3623619,149.1656952,605.21,91.0,GUIDED,FLY_TO_POINT
36,-35.3623619,149.1656952,605.21,91.0,GUIDED,FLY_TO_POINT
37,-35.3623619,149.1656952,605.21,91.0,GUIDED,FLY_TO_POINT
37,-35.3623619,149.1656952,605.21,91.0,GUIDED,FLY_TO_POINT
40,-35.3623619,149.1661530,609.07,89.0,GUIDED,FLY_TO_POINT
41,-35.3623619,149.1661530,609.03,89.0,GUIDED,FLY_TO_POINT
41,-35.3623657,149.1661530,608.75,88.0,GUIDED,FLY_TO_POINT
42,-35.3623734,149.1661530,608.28,88.0,GUIDED,FLY_TO_POINT
42,-35.3623924,149.1661530,607.75,88.0,GUIDED,FLY_TO_POINT
43,-35.3624115,149.1661530,607.30,88.0,GUIDED,FLY_TO_POINT
43,-35.3624382,149.1661530,606.88,88.0,GUIDED,FLY_TO_POINT
44,-35.3624725,149.1661530,606.47,88.0,GUIDED,FLY_TO_POINT
44,-35.3625069,149.1661530,606.06,87.0,GUIDED,FLY_TO_POINT
45,-35.3625488,149.1661530,605.62,87.0,GUIDED,FLY_TO_POINT
45,-35.3625870,149.1661530,605.22,87.0,GUIDED,FLY_TO_POINT
46,-35.3626289,149.1661530,604.82,87.0,GUIDED,FLY_TO_POINT
46,-35.3626709,149.1661530,604.41,87.0,GUIDED,FLY_TO_POINT
47,-35.3627129,149.1661530,603.99,87.0,GUIDED,FLY_TO_POINT
47,-35.3627548,149.1661377,603.59,86.0,GUIDED,FLY_TO_POINT
48,-35.3627968,149.1661377,603.20,86.0,GUIDED,FLY_TO_POINT
48,-35.3628311,149.1661377,602.92,86.0,GUIDED,FLY_TO_POINT
49,-35.3628311,149.1661377,602.92,86.0,GUIDED,FLY_TO_POINT
49,-35.3628311,149.1661377,602.92,86.0,GUIDED,FLY_TO_POINT
50,-35.3628311,149.1661377,602.92,86.0,GUIDED,FLY_TO_POINT
50,-35.3628311,149.1661377,602.92,86.0,GUIDED,FLY_TO_POINT
51,-35.3628311,149.1661377,602.92,86.0,GUIDED,FLY_TO_POINT
51,-35.3628311,149.1661377,602.92,86.0,GUIDED,FLY_TO_POINT
52,-35.3628311,149.1661377,602.92,86.0,GUIDED,FLY_TO_POINT
52,-35.3628311,149.1661377,602.92,86.0,GUIDED,FLY_TO_POINT
53,-35.3628311,149.1661377,602.92,86.0,GUIDED,FLY_TO_POINT
55,-35.3632698,149.1661377,599.10,84.0,GUIDED,FLY_TO_POINT
56,-35.3632698,149.1661377,599.05,84.0,GUIDED,FLY_TO_POINT
56,-35.3632660,149.1661377,598.74,84.0,GUIDED,FLY_TO_POINT
57,-35.3632660,149.1661224,598.20,84.0,GUIDED,FLY_TO_POINT
57,-35.3632660,149.1661072,597.60,84.0,GUIDED,FLY_TO_POINT
58,-35.3632660,149.1660767,597.05,84.0,GUIDED,FLY_TO_POINT
58,-35.3632660,149.1660461,596.54,83.0,GUIDED,FLY_TO_POINT
59,-35.3632660,149.1660004,596.02,83.0,GUIDED,FLY_TO_POINT
59,-35.3632660,149.1659698,595.54,83.0,GUIDED,FLY_TO_POINT
60,-35.3632660,149.1659088,595.06,83.0,GUIDED,FLY_TO_POINT
60,-35.3632660,149.1658783,594.59,83.0,GUIDED,FLY_TO_POINT
61,-35.3632660,149.1658325,594.08,83.0,GUIDED,FLY_TO_POINT
61,-35.3632622,149.1657715,593.61,83.0,GUIDED,FLY_TO_POINT
62,-35.3632622,149.1657257,593.14,83.0,GUIDED,FLY_TO_POINT
62,-35.3632622,149.1656647,592.68,82.0,GUIDED,FLY_TO_POINT
63,-35.3632622,149.1656036,592.21,82.0,GUIDED,FLY_TO_POINT
63,-35.3632622,149.1655579,591.73,82.0,GUIDED,FLY_TO_POINT
64,-35.3632622,149.1655121,591.28,82.0,GUIDED,FLY_TO_POINT
64,-35.3632622,149.1654510,590.83,82.0,GUIDED,FLY_TO_POINT
65,-35.3632622,149.1654053,590.39,82.0,GUIDED,FLY_TO_POINT
65,-35.3632622,149.1653595,589.92,81.0,GUIDED,FLY_TO_POINT
66,-35.3632622,149.1653137,589.52,81.0,GUIDED,FLY_TO_POINT
66,-35.3632622,149.1652832,589.21,81.0,GUIDED,FLY_TO_POINT
67,-35.3632622,149.1652679,589.05,81.0,GUIDED,FLY_TO_POINT
67,-35.3632622,149.1652374,589.06,81.0,GUIDED,FLY_TO_POINT
68,-35.3632622,149.1652374,589.09,81.0,GUIDED,SEND_LANDING
68,-35.3632622,149.1652222,589.06,81.0,LAND,WAIT_LANDING_RESPONSE
69,-35.3632622,149.1652222,588.84,81.0,LAND,WAIT_LANDING_RESPONSE
69,-35.3632622,149.1652374,588.54,80.0,LAND,WAIT_LANDING_RESPONSE
70,-35.3632622,149.1652374,588.27,80.0,LAND,WAIT_LANDING_RESPONSE
70,-35.3632622,149.1652374,588.03,80.0,LAND,WAIT_LANDING_RESPONSE
71,-35.3632622,149.1652374,587.78,80.0,LAND,WAIT_LANDING_RESPONSE
71,-35.3632622,149.1652374,587.52,80.0,LAND,WAIT_LANDING_RESPONSE
72,-35.3632660,149.1652374,587.28,80.0,LAND,WAIT_LANDING_RESPONSE
72,-35.3632660,149.1652374,587.03,79.0,LAND,WAIT_LANDING_RESPONSE
73,-35.3632660,149.1652374,586.79,79.0,LAND,WAIT_LANDING_RESPONSE
73,-35.3632660,149.1652374,586.52,79.0,LAND,WAIT_LANDING_RESPONSE
74,-35.3632660,149.1652374,586.28,79.0,LAND,WAIT_LANDING_RESPONSE
74,-35.3632660,149.1652374,586.04,79.0,LAND,WAIT_LANDING_RESPONSE
75,-35.3632660,149.1652374,585.79,79.0,LAND,WAIT_LANDING_RESPONSE
75,-35.3632660,149.1652374,585.52,79.0,LAND,WAIT_LANDING_RESPONSE
76,-35.3632622,149.1652374,585.28,79.0,LAND,WAIT_LANDING_RESPONSE
76,-35.3632622,149.1652374,585.03,78.0,LAND,WAIT_LANDING_RESPONSE
77,-35.3632622,149.1652374,584.78,78.0,LAND,WAIT_LANDING_RESPONSE
77,-35.3632622,149.1652374,584.54,78.0,LAND,WAIT_LANDING_RESPONSE
78,-35.3632622,149.1652374,584.27,78.0,LAND,MISSION_COMPLETE
